Jessica,Matthew
Sarah,James
Emily,Daniel
Stephanie,Joshua
Emma,Michael
Rebecca,Thomas
Samantha,Nicholas
Lauren,Jack
Laura,Benjamin
Georgia,Luke
Chloe,Christopher
Amy,Jake
Alexandra,Nathan
Hannah,Andrew
Olivia,Lachlan
Rachel,Samuel
Melissa,Dylan
Nicole,Mitchell
Kate,Alexander
Natalie,Ryan
Brooke,Jordan
Ashleigh,William
Caitlin,David
Courtney,Liam
Sophie,Aaron
Zoe,Adam
Danielle,Jacob
Hayley,Timothy
Grace,Anthony
Natasha,Jesse
Cassandra,Patrick
Megan,Cameron
Madeleine,Bradley
Elizabeth,Jason
Brittany,John
Maddison,Robert
Tayla,Justin
Bianca,Joel
Chelsea,Zachary
Michelle,Jayden
Jasmine,Kyle
Erin,Brandon
Isabella,Peter
Amanda,Steven
Jade,Jackson
Madeline,Sean
Kayla,Mark
Rachael,Hayden
Claire,Joseph
Ebony,Corey
Lucy,Scott
Katherine,Callum
Madison,Ashley
Ashlee,Dean
Victoria,Jamie
Paige,Rhys
Holly,Harrison
Monique,Stephen
Lisa,Paul
Taylah,Jeremy
Jennifer,Jonathan
Molly,Brendan
Julia,Tyler
Anna,Adrian
Amelia,Sam
Charlotte,Alex
Melanie,Darcy
Shannon,Jarrod
Gemma,Shaun
Ruby,Connor
Amber,Blake
Jacqueline,Mathew
Vanessa,Ethan
Stacey,Simon
Taylor,Riley
Alice,George
Gabrielle,Trent
Catherine,Edward
Renee,Christian
Eliza,Harley
Bethany,Marcus
Brianna,Angus
Casey,Kevin
Tara,Shane
Alana,Oliver
Ashley,Max
Jacinta,Lucas
Tegan,Travis
Rhiannon,Aidan
Kimberley,Tyson
Kelly,Bailey
Bridget,Richard
Jessie,Charles
Kaitlyn,Julian
Georgina,Harry
Caitlyn,Brayden
Naomi,Ben
Elise,Bryce
Ella,Tristan
Ellie,Brodie
